File Name,F3 Delta,F3 Theta,F3 Alpha,F3 Beta,F3 Gamma,FC5 Delta,FC5 Theta,FC5 Alpha,FC5 Beta,FC5 Gamma,AF3 Delta,AF3 Theta,AF3 Alpha,AF3 Beta,AF3 Gamma,F7 Delta,F7 Theta,F7 Alpha,F7 Beta,F7 Gamma,T7 Delta,T7 Theta,T7 Alpha,T7 Beta,T7 Gamma,P7 Delta,P7 Theta,P7 Alpha,P7 Beta,P7 Gamma,O1 Delta,O1 Theta,O1 Alpha,O1 Beta,O1 Gamma,O2 Delta,O2 Theta,O2 Alpha,O2 Beta,O2 Gamma,P8 Delta,P8 Theta,P8 Alpha,P8 Beta,P8 Gamma,T8 Delta,T8 Theta,T8 Alpha,T8 Beta,T8 Gamma,F8 Delta,F8 Theta,F8 Alpha,F8 Beta,F8 Gamma,AF4 Delta,AF4 Theta,AF4 Alpha,AF4 Beta,AF4 Gamma,FC6 Delta,FC6 Theta,FC6 Alpha,FC6 Beta,FC6 Gamma,F4 Delta,F4 Theta,F4 Alpha,F4 Beta,F4 Gamma
Omar2-Sleep stage 1-00,35030709.126,21.312,38.255,20.002,5.049,35072659.824,18.662,36.936,19.394,7.331,34899465.480,4.150,5.801,5.898,3.086,34799057.189,20.163,29.195,15.815,6.233,34975277.197,8.858,8.614,10.790,7.054,34624889.161,25.680,124.027,29.185,9.553,35065940.033,22.791,134.815,27.667,8.296,35677089.650,32.336,360.572,107.969,11.341,34953801.802,47.162,223.574,47.916,13.236,35302322.608,21.014,95.457,33.905,8.512,34527547.738,137.091,63.502,50.310,19.212,34493334.911,79.213,118.087,49.178,15.751,34811236.712,39.125,65.031,44.599,14.681,35157585.339,170.459,283.604,131.587,36.016
Omar2-Sleep stage 1-01,34708623.426,19.468,48.268,19.308,5.202,35411628.931,20.860,27.047,12.326,11.404,35039510.421,6.472,5.733,2.954,2.766,35054095.978,32.759,24.943,12.335,9.317,35350778.002,9.088,7.821,6.759,7.639,34512415.351,174.523,169.190,57.891,20.804,35117944.460,17.693,134.972,27.337,5.417,36085212.650,100.197,134.664,62.852,18.040,35141025.978,22.378,47.358,28.660,9.604,35243881.396,14.911,23.517,23.410,10.405,34974911.575,369.126,97.110,83.914,37.669,34742611.339,39.394,63.752,26.760,10.315,35771324.860,149.280,81.776,50.271,17.032,34985008.849,114.307,167.394,124.862,54.116
Omar2-Sleep stage 1-02,34581230.057,36.410,36.428,19.605,4.887,35313926.003,26.161,31.966,13.617,6.867,35131214.506,5.654,5.777,4.071,2.840,35227526.058,18.566,12.960,12.949,6.877,35295796.113,12.088,8.135,9.701,6.718,34335162.549,100.557,119.864,34.119,13.672,35249177.575,23.582,139.313,38.022,4.314,37330963.296,35.147,401.472,52.109,12.041,35281109.015,19.057,211.085,29.616,10.892,35450325.739,25.497,92.602,14.468,11.484,33784379.075,263.065,99.585,27.895,13.214,35072002.298,76.918,42.449,21.849,7.172,34837969.767,50.054,60.690,32.514,18.282,34716757.747,176.055,173.846,90.111,35.310
Omar2-Sleep stage 1-03,35118058.655,13.881,79.530,20.524,5.988,35267547.732,6.174,49.082,16.020,6.114,35890425.614,25.459,14.251,9.274,3.448,36054559.786,68.317,30.385,18.363,6.141,35184140.088,3.497,8.365,8.104,6.156,35843709.620,451.126,277.983,189.629,51.523,35278716.023,27.512,198.893,36.425,4.572,34959092.869,110.002,263.905,51.972,11.626,35197661.682,28.771,95.150,35.164,8.011,34956772.260,34.346,26.276,18.002,9.063,35021673.142,426.494,141.057,65.821,19.023,35247970.308,25.245,43.138,22.031,6.442,34934498.853,28.824,25.308,22.912,9.155,34580816.269,267.264,291.305,132.603,27.192
Omar2-Sleep stage 1-04,35241656.508,41.362,50.604,28.035,5.310,35312707.416,26.101,34.767,12.812,5.087,35624176.347,67.315,22.549,14.842,7.324,35551889.023,159.176,46.795,40.429,21.721,35163604.053,22.207,13.097,8.759,6.258,35227711.208,536.709,291.617,162.739,48.425,35181958.400,13.886,159.963,33.053,4.123,34481752.831,22.484,129.735,54.913,10.654,35305376.952,19.704,54.449,36.300,10.968,34939630.278,20.961,24.503,25.331,10.986,35409292.392,403.733,130.074,84.704,34.783,35265219.033,53.681,56.519,33.498,9.087,35120307.546,79.808,57.635,40.376,10.262,35765642.968,458.042,239.841,294.527,54.075
Omar2-Sleep stage 1-05,35261636.364,16.854,40.725,18.373,2.568,34715900.232,11.763,27.863,19.196,4.904,34776923.643,1.820,3.599,5.630,2.257,34399456.347,15.980,14.452,20.313,7.348,34775415.141,2.262,9.821,8.520,4.262,35076351.497,49.099,106.986,19.207,5.911,34979097.712,9.514,174.611,22.352,8.084,34350238.651,31.222,334.503,66.419,11.397,34917389.179,27.751,146.172,44.558,11.506,35027337.854,14.797,58.956,25.498,8.216,36129650.594,217.577,139.936,108.633,34.922,35013971.828,25.873,49.067,20.670,4.456,34785306.009,30.739,51.056,34.938,10.649,34812823.468,172.066,123.866,190.939,41.843
Omar2-Sleep stage 1-06,35206646.511,15.055,72.918,16.765,4.059,34837280.558,14.816,33.555,12.953,3.778,34946692.560,6.280,7.758,6.186,3.362,35288626.325,9.580,23.277,10.710,4.632,35318107.761,8.698,7.443,10.806,4.200,34523745.428,36.700,112.923,56.279,19.651,34987625.642,8.373,211.802,30.593,6.698,34723997.805,73.065,369.785,68.032,10.499,34780733.792,62.347,146.096,45.400,9.962,35077988.578,37.147,53.167,33.045,9.470,34489445.149,626.413,258.771,136.477,55.880,34734268.803,65.554,85.720,40.803,7.699,35244855.021,65.958,67.304,40.139,9.505,34932931.725,65.984,293.613,117.976,49.817
Omar2-Sleep stage 1-07,35166113.295,14.413,38.757,13.270,4.112,35089256.413,16.710,33.888,10.571,4.021,34890583.946,5.410,7.120,4.077,3.061,34910531.864,15.800,16.839,8.561,5.323,35037889.668,8.438,8.821,9.745,4.260,36257393.704,121.263,84.144,21.348,8.258,35182712.164,11.769,162.033,26.376,5.465,35318385.361,23.325,191.224,43.454,6.753,34882761.677,25.260,76.079,23.947,4.330,35432900.366,17.042,34.270,17.443,6.586,34479675.875,189.537,74.035,25.934,13.455,35026233.678,41.237,34.364,14.385,6.433,35011525.879,32.103,45.699,27.450,6.453,34191652.515,202.205,110.719,106.049,24.958
Omar2-Sleep stage 1-08,35274180.520,24.486,80.497,22.308,4.481,35278397.470,74.395,59.472,27.117,5.324,34855353.361,66.044,23.624,13.806,3.965,35035096.946,44.868,48.164,15.348,6.675,34999013.662,16.477,11.549,14.018,5.571,33979888.075,103.841,316.990,45.612,10.692,35146536.959,14.887,305.389,43.480,3.830,36287034.964,71.738,577.157,61.553,9.660,35417150.925,66.678,156.589,28.630,10.466,34451851.238,43.344,49.385,20.863,8.220,35062351.683,275.528,94.150,27.429,12.642,35433400.513,58.019,123.848,28.581,9.000,35198197.840,40.686,89.672,27.543,8.350,35713539.841,156.603,130.282,110.227,29.628
Omar2-Sleep stage 1-09,35245825.543,18.804,45.100,26.943,5.727,35096712.324,11.956,32.106,12.947,3.766,35241828.339,6.837,9.588,6.169,3.158,35181922.500,8.780,18.344,14.520,6.585,35152586.631,8.589,16.610,7.453,5.015,35795225.491,28.382,105.185,19.011,8.436,35203558.018,11.421,155.428,26.889,7.034,34870929.935,111.384,381.869,97.180,15.393,35359962.934,43.571,190.151,39.984,9.460,35353024.176,23.600,84.660,28.924,9.786,35663438.178,284.887,116.258,62.573,26.267,35346179.351,41.437,56.675,24.728,6.797,35944412.569,23.389,76.655,33.553,8.818,36456614.325,922.270,503.291,626.630,154.523
Omar2-Sleep stage 1-10,34875308.314,15.789,31.237,14.513,3.421,34818472.823,11.904,18.490,14.124,3.122,34957236.173,2.746,4.267,5.428,2.473,34476137.930,9.527,19.983,12.114,4.520,34845830.512,5.277,4.798,6.863,3.489,36482778.366,96.861,115.434,35.026,11.389,35140216.358,9.733,87.749,14.216,2.433,34458507.141,18.060,122.618,46.069,4.737,34913619.867,30.578,61.105,31.447,6.952,35401023.023,11.082,33.641,21.161,5.194,36481024.951,152.000,113.818,43.084,15.641,35084446.798,32.737,38.426,13.357,6.145,34979925.931,51.997,23.393,30.781,9.244,34631429.649,842.480,285.205,256.009,77.130
Omar2-Sleep stage 1-11,35254818.162,8.444,47.640,22.591,7.064,35235297.014,12.541,31.771,19.116,5.715,35216115.498,4.780,7.330,6.972,3.970,35369296.461,7.023,22.926,13.515,13.351,35204534.970,15.924,7.474,9.491,5.033,35319157.699,103.972,125.339,18.918,8.912,35043692.674,23.030,218.430,27.023,6.438,34756821.342,71.995,509.704,84.588,15.094,34520522.049,59.371,158.215,41.107,13.223,35515876.369,15.943,67.925,27.316,9.977,35487707.266,602.231,174.970,127.073,50.767,34649310.072,42.479,72.546,29.873,12.131,34454976.910,72.181,62.525,35.441,13.955,35269074.961,712.320,175.746,279.365,72.467
Omar2-Sleep stage 1-12,35181561.036,21.196,53.963,20.442,4.546,35308409.011,63.234,49.633,27.261,5.140,35048433.613,56.358,19.715,15.141,3.979,34954785.453,51.931,38.696,24.753,8.291,35387090.015,19.582,12.081,10.387,5.721,34279047.063,142.447,107.550,38.685,14.218,35184356.481,20.175,142.428,22.209,6.207,35203616.124,41.795,257.930,49.283,9.106,34708504.724,45.471,108.346,39.968,10.960,35780915.364,48.605,26.069,24.965,10.666,32859775.819,318.456,54.062,32.885,18.536,35380668.592,60.919,58.674,25.580,7.944,35099247.297,30.745,41.967,24.712,9.009,34191418.496,1267.427,619.656,481.768,85.725
Omar2-Sleep stage 1-13,35357912.919,33.245,43.004,15.414,6.928,35299122.161,15.751,34.909,12.015,5.133,35388775.817,7.025,6.779,5.315,2.730,35256616.925,15.382,20.831,10.244,5.081,35170611.431,12.239,10.290,8.270,7.028,34331208.683,210.574,200.029,93.565,31.453,35088366.404,6.103,98.589,25.869,5.646,35109587.626,25.744,154.854,51.241,10.223,35500244.532,99.899,78.371,43.177,12.490,35325127.087,57.651,57.832,33.643,14.024,36016341.886,99.401,80.441,27.905,10.926,36100945.590,53.547,43.034,22.268,10.023,35670723.649,38.924,46.455,19.988,10.310,35852857.156,3009.567,1171.600,1655.742,459.192
Omar2-Sleep stage 1-14,35284316.230,11.296,63.606,32.831,4.110,35266971.701,6.796,46.743,17.505,5.171,35377262.318,2.043,6.410,4.271,2.810,35255144.361,6.266,23.600,13.269,5.859,35173090.715,10.026,6.719,11.620,5.053,36394695.523,76.826,166.098,50.099,11.184,35253916.997,27.655,243.237,30.185,6.276,35985139.054,70.579,478.116,65.914,10.873,31725252.901,88.602,119.385,60.671,9.278,38198487.175,133.439,46.332,48.566,7.783,35331312.394,325.583,77.533,43.128,19.187,35472903.022,39.371,57.758,30.162,5.461,35299545.534,63.378,58.192,38.669,8.401,35616841.807,1167.947,999.089,698.385,247.825
Omar2-Sleep stage 1-15,35112090.840,18.908,44.890,26.267,5.803,35203326.866,80.272,39.220,25.724,6.809,35054142.505,60.119,19.750,12.249,5.180,35279133.425,34.086,24.584,20.879,10.402,35174738.550,17.187,12.771,12.723,5.885,34995635.451,113.651,161.309,19.760,8.856,35265951.693,34.670,230.225,26.756,5.949,36360324.889,163.063,474.326,60.484,11.099,29700950.557,577.555,240.546,60.741,8.910,39962620.276,466.505,98.331,52.608,16.518,35966741.271,216.694,46.513,38.714,21.958,36522561.128,97.333,59.657,41.321,18.945,35560803.626,77.785,42.834,33.577,14.340,35567924.283,2010.289,929.763,522.643,162.628
Omar2-Sleep stage 1-16,35127847.344,11.870,36.606,10.360,3.407,35203795.797,12.182,26.697,10.890,4.449,35326704.927,2.799,4.199,3.479,3.622,35288257.930,7.794,12.255,7.839,7.921,35302317.062,12.272,10.948,11.226,7.654,34892359.067,17.684,64.982,14.460,5.276,35199037.391,14.340,104.311,17.924,3.693,35157714.056,101.312,283.115,42.760,6.334,35098181.251,520.037,296.854,113.412,28.696,34940854.958,403.901,158.282,54.785,9.777,34523757.260,299.941,170.151,93.746,39.473,35525255.783,61.765,47.874,16.125,5.767,35639339.335,25.623,43.262,18.346,4.434,34809811.478,738.114,501.776,445.038,168.341
Omar2-Sleep stage 1-17,35291291.582,8.913,45.251,19.972,5.343,35356637.804,11.187,33.350,15.547,6.468,35208460.713,3.619,6.853,4.857,2.961,35144051.401,10.071,20.958,12.135,5.921,35254842.123,6.275,8.258,7.986,6.266,35404262.320,121.254,167.575,39.444,15.136,35282420.779,11.503,122.303,33.367,4.513,34550349.130,51.612,258.388,34.431,6.093,37589197.290,366.419,237.190,52.594,6.093,33388133.217,236.292,176.938,34.224,9.684,35679734.975,88.687,75.852,20.539,9.975,34844371.049,33.809,68.810,17.948,7.448,34695552.444,18.461,65.914,19.713,7.742,35042332.069,2221.954,660.773,932.303,241.568
Omar2-Sleep stage 1-18,35173799.142,10.389,72.645,16.795,4.905,35061914.341,47.524,34.822,20.195,5.649,34973232.266,37.473,17.675,10.774,3.609,35045405.601,23.003,30.259,12.778,5.561,35025407.799,13.550,11.633,9.624,5.460,35513623.067,56.894,182.374,43.982,6.344,35105918.457,18.803,224.020,39.645,4.213,34492608.224,61.252,401.330,79.180,10.486,37291943.488,168.536,180.094,68.794,14.147,33445579.197,79.283,104.458,28.200,7.511,34728577.837,232.247,133.703,41.571,9.387,34688984.807,61.127,83.478,19.753,7.454,35477264.758,72.284,71.627,36.972,12.895,34910028.735,1089.693,674.554,558.519,87.759
Omar2-Sleep stage 1-19,35091579.780,14.781,30.222,23.334,6.233,35026435.206,8.941,19.696,11.237,4.813,35342110.721,7.268,5.523,4.585,2.342,35311096.027,16.397,15.099,8.970,2.467,35179821.765,6.981,6.218,9.556,5.464,35185602.349,100.549,92.104,25.304,6.893,35202766.663,12.741,182.982,37.435,4.072,34941934.869,48.442,242.530,49.712,4.927,36129408.249,93.000,141.149,47.579,7.848,34389681.034,56.915,60.503,41.113,8.647,35363946.198,741.384,121.581,33.265,7.053,34284636.380,41.584,35.934,27.623,6.630,35336808.472,43.761,44.410,43.304,7.537,35410785.342,2449.201,1497.851,761.392,307.791
Omar2-Sleep stage 1-20,35319147.846,13.746,37.594,17.169,3.571,35345059.712,10.123,28.936,13.312,4.739,35260804.866,5.986,2.335,2.566,1.616,35100646.724,11.134,13.525,7.952,3.228,35238014.838,20.803,13.426,13.754,4.593,34417696.807,81.299,109.023,40.223,9.506,35203561.344,8.291,137.403,36.350,6.204,34930354.586,44.900,332.267,55.555,3.581,36637318.286,63.908,140.885,70.461,10.419,34232193.201,82.804,98.862,39.906,9.863,35469319.634,162.874,30.371,17.294,7.115,35134753.293,40.753,52.955,36.406,8.049,35150595.014,141.375,107.523,86.295,19.190,35442709.009,3639.910,1211.975,1303.632,451.829
Omar2-Sleep stage 1-21,35238929.870,21.986,55.722,22.330,6.373,35611232.273,46.695,35.856,20.539,7.360,35410326.032,33.480,12.779,11.401,4.538,35335981.632,22.770,23.658,14.450,5.244,35170983.126,10.890,8.349,13.864,3.727,35844244.198,56.673,186.402,33.381,6.708,35338862.977,18.090,216.262,29.774,3.676,35399779.230,53.992,160.584,69.093,6.171,35362689.600,79.943,104.720,42.027,6.622,35789860.333,37.384,61.153,23.911,7.401,35574690.016,58.743,66.557,20.454,4.406,36057302.287,32.471,74.703,20.830,5.706,35477303.489,368.465,193.668,130.267,43.564,35254430.432,953.840,1238.204,717.220,216.000
Omar2-Sleep stage 1-22,35364602.073,14.954,55.413,18.944,3.768,35024436.760,34.786,39.020,13.996,3.337,34932245.360,9.868,10.682,5.433,2.988,34882984.632,17.076,26.229,9.810,4.949,35222295.897,9.640,7.358,8.467,4.939,35822347.865,44.171,153.224,22.524,6.393,35271663.116,14.885,278.540,24.353,4.709,34867793.010,33.117,615.141,73.343,10.111,35180194.860,47.239,179.874,52.147,7.226,34888564.506,62.528,45.113,27.097,13.823,34763369.111,927.973,110.597,28.518,11.294,34586945.399,61.812,47.732,30.852,9.959,34453364.276,74.736,55.048,22.345,6.675,34878607.873,2818.160,1726.501,747.706,214.384
Omar2-Sleep stage 1-23,35105376.321,11.251,49.005,15.823,5.145,34925702.800,3.736,25.528,10.406,3.670,35193026.209,2.579,7.279,3.986,2.715,34942449.680,8.834,20.515,8.136,4.666,34833557.741,2.962,6.025,8.752,5.129,35200356.905,61.063,126.401,36.151,5.565,35131866.130,11.437,193.468,44.552,6.371,34880624.097,26.872,376.304,60.175,7.311,35372435.011,92.887,109.967,37.893,5.009,34824182.842,32.723,67.973,26.184,7.879,35434885.224,259.410,131.290,54.228,11.021,34701557.321,28.889,68.965,20.701,6.494,35946624.636,32.388,62.477,20.095,7.682,33839338.369,2855.188,1605.964,770.709,296.189
Omar2-Sleep stage 1-24,35079036.053,26.205,45.902,21.661,4.631,35220445.382,21.888,30.205,15.990,5.082,35144424.063,6.826,5.118,4.297,1.521,35328268.705,26.117,27.472,17.011,6.366,35602081.024,15.208,7.075,12.487,7.353,34819486.285,83.502,101.650,48.600,12.610,35322410.669,5.510,133.923,26.025,4.646,35159241.541,26.008,211.691,85.575,5.752,36220147.762,45.445,128.006,41.828,8.223,34719692.180,39.476,35.846,29.670,8.589,35275734.124,156.707,99.748,50.001,15.997,35706249.154,53.103,42.353,28.429,9.773,34803385.462,47.115,25.476,27.315,6.474,38232072.519,1963.502,870.176,655.534,217.166
Omar2-Sleep stage 1-25,34963313.984,15.329,39.737,13.468,5.933,35081975.681,7.956,22.287,7.469,6.724,35159366.546,2.701,5.509,4.791,2.511,35324272.223,17.711,15.248,15.354,5.597,35243676.530,10.829,4.578,7.682,8.454,35262167.509,120.866,90.050,50.671,18.129,35024386.264,12.613,118.410,16.164,4.639,34572230.151,16.761,207.576,35.121,8.316,37540529.840,22.795,70.467,25.229,7.159,33295309.667,12.544,27.411,17.679,9.081,35218740.051,158.692,76.632,87.315,26.857,34405388.183,28.630,34.802,28.243,10.556,34907404.831,15.971,33.773,13.586,8.584,35203959.719,687.208,590.280,415.128,159.524
Omar2-Sleep stage 1-26,35507705.454,30.835,42.650,23.951,4.655,35659312.462,201.467,60.414,48.327,11.535,35378084.377,158.696,32.017,28.860,8.582,35170677.480,147.466,44.888,37.691,13.791,35269859.123,29.208,5.942,16.612,6.043,34298481.854,51.566,122.780,32.172,7.608,35091051.958,26.671,190.113,50.558,7.248,35358346.328,91.311,455.071,74.986,15.026,36281598.267,36.720,127.246,30.980,8.001,34800765.282,132.292,129.996,68.276,19.290,34992426.329,434.812,175.974,97.403,31.503,35278011.436,110.527,85.309,41.181,10.554,34608773.870,52.769,66.856,31.633,8.904,34588834.520,535.660,818.654,438.374,193.160
Omar2-Sleep stage 1-27,34983530.990,42.142,53.710,25.637,3.668,35049581.586,132.210,43.125,40.365,10.859,34940364.398,81.806,22.053,19.076,9.151,35232733.765,76.812,30.499,21.739,13.841,35208005.972,19.818,12.213,11.617,8.895,34405194.035,73.310,77.308,30.681,9.860,35082130.884,25.580,181.152,30.244,5.286,35067262.167,69.383,488.716,70.632,7.513,35871706.412,493.380,219.974,198.569,48.330,34628034.666,145.159,181.964,57.516,18.918,35757502.680,96.039,87.114,21.780,16.550,34678446.324,40.201,70.953,26.247,7.994,34731599.278,87.449,66.987,20.011,7.493,34014677.470,4095.367,1113.869,627.044,210.375
Omar2-Sleep stage 1-28,35145223.638,22.722,30.341,19.724,3.409,35112766.256,12.267,30.690,13.095,5.170,35273923.881,2.783,5.930,6.264,2.579,35112485.874,7.883,13.595,13.851,10.640,35267354.446,9.263,9.083,12.900,8.397,36692318.194,37.811,69.151,22.751,13.123,35291308.907,9.388,131.155,22.678,5.782,35445105.449,112.508,237.754,53.474,15.783,34604524.629,672.340,315.403,263.658,69.537,35851408.496,508.859,260.240,168.103,59.415,35657208.355,95.432,74.350,41.123,12.073,35537395.798,14.318,42.813,28.000,7.046,35327252.133,18.659,43.479,31.349,8.321,35651367.634,2662.087,1102.515,855.178,146.407
Omar2-Sleep stage 1-29,35163212.889,29.461,37.417,21.577,6.511,35169855.510,13.311,25.605,17.065,5.825,35295617.317,5.465,3.988,4.087,2.275,35385336.000,16.711,15.068,14.162,10.244,35071414.718,9.680,7.129,7.809,4.882,35717669.948,98.226,87.171,46.769,11.718,35262561.008,10.732,121.945,28.892,3.786,35016340.562,44.503,385.715,54.266,8.712,35086384.824,322.044,248.890,115.441,26.231,35009167.275,197.331,95.992,65.250,25.243,33997236.109,242.631,89.281,74.150,27.577,35023095.597,57.190,51.012,39.299,10.566,36105723.002,54.223,63.984,27.242,8.331,35188916.289,1120.283,309.277,573.255,154.161
Omar2-Sleep stage 1-30,35143700.657,14.582,48.649,22.442,3.619,35233530.166,10.685,35.077,16.330,3.885,35064231.628,1.926,3.864,4.528,1.915,34835817.074,8.792,15.449,14.692,5.005,35248033.101,10.461,9.861,10.660,4.060,34246552.764,30.849,68.663,27.492,7.413,35221856.697,11.885,80.667,22.767,5.742,35378101.068,20.687,251.574,52.712,8.629,35120172.358,177.523,139.438,57.007,13.424,35571179.043,29.891,54.045,38.225,10.227,35181038.008,324.969,123.637,84.556,22.577,34590325.282,217.499,87.880,87.946,19.098,34532480.172,17.361,39.999,27.171,4.577,34625721.323,1984.636,642.791,916.051,382.811
Omar2-Sleep stage 1-31,35178196.899,35.328,32.684,20.698,4.105,35239792.372,12.726,17.914,16.847,6.006,35302291.058,2.866,3.243,4.374,2.405,35560830.969,13.577,11.471,13.240,6.795,35075259.312,6.506,8.899,10.378,5.837,35460836.637,86.375,91.763,33.618,11.981,35170145.320,5.757,82.537,20.223,6.112,35035963.051,29.095,220.159,53.102,8.132,34777215.167,129.880,147.326,44.260,10.193,35448089.925,37.523,69.909,46.992,11.701,35630059.310,185.313,118.503,48.422,15.658,36429213.614,117.605,79.964,23.706,10.962,35686518.902,33.479,57.467,22.913,6.286,36551229.195,1047.473,495.051,501.209,173.984
Omar2-Sleep stage 1-32,35255479.630,8.261,20.509,15.040,3.739,35118909.820,17.029,19.318,11.172,4.670,35122313.584,1.961,3.169,5.422,2.301,34885483.915,4.134,9.161,10.865,5.890,35074563.712,3.610,6.105,9.007,6.533,35459874.633,46.848,42.821,16.171,7.511,35286313.245,1.900,35.537,11.915,4.758,35478193.281,18.787,80.803,33.867,6.181,35093354.073,126.040,60.543,27.307,8.074,35554168.369,98.630,48.720,14.104,7.176,34682677.114,93.580,70.449,28.857,10.720,35220067.461,28.672,32.141,13.965,5.510,35690365.773,50.883,23.530,15.600,5.786,36216905.686,2443.065,794.813,837.976,297.720
Omar2-Sleep stage 1-33,35065824.871,6.289,28.643,15.904,6.619,35089995.754,7.414,28.056,13.592,5.877,35158578.663,3.908,6.897,4.851,5.001,35068474.272,5.549,15.114,10.708,8.199,35121113.912,4.484,10.254,7.863,6.008,35762019.137,76.199,40.562,26.836,10.998,35124048.507,8.324,62.316,20.788,6.594,34887444.346,32.301,137.876,38.450,9.505,35775274.477,36.011,106.089,28.561,7.850,34466579.088,35.850,42.834,17.874,9.235,36227181.158,98.219,58.302,26.897,8.175,34498270.490,18.368,39.260,19.529,9.418,34713749.346,30.121,45.630,21.632,6.768,34453429.698,8040.165,3982.344,1241.385,445.865
Omar2-Sleep stage 1-34,35294790.214,24.886,38.599,19.150,4.244,35584068.914,125.337,56.162,21.717,7.999,35444699.977,80.557,25.306,13.845,4.869,35387509.029,51.653,23.849,11.170,5.935,35347960.015,19.568,9.180,12.507,6.878,35055374.147,54.260,89.780,25.291,7.321,35297335.248,15.263,53.240,19.999,5.048,35982433.114,60.398,146.413,47.794,5.925,33533103.956,164.870,147.938,43.962,7.601,37063735.325,149.143,105.628,31.942,11.279,34726421.691,214.795,83.018,72.532,17.262,35613925.562,86.530,59.525,18.727,8.933,35030935.959,58.312,44.546,18.577,6.080,34437531.537,1315.030,1128.118,628.453,122.105
Omar2-Sleep stage 1-35,35169289.284,14.544,48.654,17.590,5.302,34890628.830,20.918,44.404,18.308,6.493,34765940.340,10.001,7.581,6.260,2.860,34903267.785,12.841,18.830,11.664,5.584,35001550.457,9.299,8.022,8.772,6.181,35971716.622,126.953,108.783,22.391,8.990,35064127.497,11.069,143.045,26.225,5.570,34294830.431,86.834,360.194,54.259,10.678,36465520.802,132.074,284.248,69.936,21.326,33522790.775,223.272,99.454,62.363,20.130,34268806.561,60.268,68.277,19.058,11.989,34620723.646,131.811,96.543,57.378,12.640,34668684.466,53.745,56.137,26.056,8.834,35835888.051,1836.862,922.170,1028.844,320.588
Omar2-Sleep stage 1-36,35040438.269,7.492,25.057,17.633,4.630,35158171.306,8.007,11.812,14.420,5.085,35289414.843,1.711,1.648,2.761,1.635,35495735.211,6.243,7.756,9.504,3.860,35333240.644,6.546,9.000,12.984,6.790,33155644.095,41.291,28.248,24.699,8.998,35021866.503,5.118,24.592,20.137,4.011,35052285.962,39.871,139.687,47.782,5.044,35555676.189,278.439,167.103,70.096,18.804,34940004.586,210.436,77.037,68.017,14.415,35807586.305,260.561,40.507,21.785,6.192,35824284.879,37.666,39.345,19.474,6.814,35515803.158,36.012,43.235,19.614,6.420,35123788.191,1093.131,538.009,360.742,142.745
Omar2-Sleep stage 1-37,35216679.851,18.968,20.541,20.032,5.708,35135306.562,8.067,14.008,11.567,7.220,35273426.386,3.964,3.854,4.260,1.653,35281905.801,8.342,6.450,9.602,6.095,35236036.917,5.341,6.562,9.415,5.213,35438048.165,165.944,116.395,64.061,22.926,35209528.389,14.198,27.648,14.510,5.500,35869601.946,39.554,217.235,47.148,6.440,32821156.552,87.647,141.847,36.974,7.427,37255113.971,92.236,70.225,21.789,9.682,34408465.074,213.841,60.545,38.856,18.557,35126084.911,87.860,65.880,42.883,16.342,34984555.902,22.895,35.407,14.989,7.460,34226318.163,487.891,256.817,528.024,151.186
Omar2-Sleep stage 1-38,35280842.460,9.267,30.077,11.889,3.297,35318642.659,9.385,11.676,8.758,6.742,35279199.609,3.288,4.007,2.160,2.545,35207460.094,13.588,8.933,6.315,4.853,35198882.465,7.712,5.490,11.146,5.709,34733814.468,69.990,54.105,33.963,15.963,35174961.307,7.441,16.631,12.740,4.518,34725433.308,21.590,91.345,25.990,10.711,36953878.676,240.029,226.137,135.370,35.842,33597235.251,166.211,47.794,55.829,22.595,35703285.011,108.917,20.429,17.420,6.300,34211349.405,185.005,81.049,56.783,25.533,34558354.075,40.165,22.193,20.697,8.373,34356646.525,1255.089,1041.706,837.799,218.519
Omar2-Sleep stage 1-39,35170975.484,11.361,16.704,16.124,3.568,35195600.244,10.936,10.199,13.725,5.775,35147149.413,5.301,2.392,5.162,3.633,34991615.475,6.853,7.165,7.367,3.858,35040909.701,8.816,5.982,8.078,5.118,35604840.299,68.161,70.553,47.384,13.154,35277047.645,5.378,49.741,29.364,3.888,35132241.014,21.145,69.374,47.999,7.718,36274405.776,227.627,72.722,62.945,12.127,34802458.644,136.599,61.491,46.351,13.755,35157749.023,121.473,29.996,16.728,7.483,36021445.671,64.655,34.429,27.879,9.787,36053460.143,60.765,41.817,32.492,10.643,36903967.001,4016.913,1112.558,1103.591,260.854
Omar2-Sleep stage 1-40,34944407.308,9.548,23.503,21.854,6.046,35120399.241,11.397,19.775,14.762,7.847,35204455.784,3.364,4.839,4.482,3.337,35264458.474,8.353,8.942,8.895,5.159,34982459.203,9.715,10.168,7.404,5.229,36982052.080,157.212,50.435,32.566,11.487,35196740.417,9.593,59.981,27.462,5.793,35117341.821,18.836,138.050,79.995,6.031,34354429.608,107.210,68.287,92.616,16.663,35733639.897,50.031,24.081,31.890,7.893,35497836.506,180.615,41.215,26.464,10.130,35493207.002,51.031,24.156,32.553,13.035,35512569.725,86.811,48.365,45.842,15.557,35597272.844,1426.479,1472.883,2008.742,918.218
Omar2-Sleep stage 1-41,35195633.036,9.988,42.105,18.906,5.271,35183704.798,9.966,31.473,15.070,3.377,35216893.628,4.124,6.472,5.417,2.546,35372361.429,9.816,14.730,8.790,3.880,35446272.381,8.438,7.998,8.606,5.638,33963220.084,29.838,49.887,18.081,11.798,35135083.751,13.069,85.023,20.122,4.243,34955978.485,31.808,219.884,34.190,6.278,35114470.025,115.235,104.806,51.490,14.515,35049782.277,39.606,58.346,19.060,8.767,34900669.244,159.773,43.299,19.244,5.814,35249811.729,46.486,37.021,18.230,5.029,35322856.799,35.339,29.491,19.988,6.882,34947666.261,4273.942,1244.902,1489.733,593.552
Omar2-Sleep stage 1-42,35397399.926,11.589,33.015,19.025,4.066,35283975.487,11.836,18.904,13.093,3.813,35272797.021,3.142,3.093,3.724,1.815,35276116.854,9.727,15.634,9.374,4.433,35329715.291,6.224,6.475,9.774,5.431,35284912.604,53.648,80.132,17.615,5.323,35335799.125,11.260,80.410,25.034,4.470,35505755.368,29.884,92.187,50.295,6.777,35353672.490,41.297,49.961,41.646,10.354,35449747.413,48.337,22.683,27.883,8.638,35818980.035,125.969,88.643,27.893,9.796,34752237.543,56.176,66.284,30.043,13.535,34909578.828,29.070,33.079,22.273,6.917,35028720.088,2558.665,1235.597,1106.838,287.845
Omar2-Sleep stage 1-43,35203991.025,4.958,15.558,15.030,5.623,35214746.858,8.574,11.976,10.664,5.101,35194132.169,2.194,1.962,4.351,2.173,35099293.890,3.835,7.422,6.787,4.649,35137147.634,5.054,4.516,9.737,5.120,34885216.282,73.434,33.148,25.760,8.464,35230236.697,3.720,11.392,21.488,5.356,35615949.543,37.308,100.668,37.367,11.783,34554908.593,27.502,84.277,37.753,7.719,36018549.968,46.892,25.896,26.108,7.467,34502717.756,96.316,21.228,22.371,8.546,34969114.150,24.975,24.247,16.234,7.215,34971221.130,13.953,21.575,19.205,6.992,34171209.331,2654.668,445.313,579.761,102.386
Omar2-Sleep stage 1-44,34987861.285,19.632,45.894,27.227,8.185,35043701.160,30.512,42.174,30.469,8.531,35385238.104,6.532,6.572,4.759,2.185,36063732.758,121.536,61.938,46.535,13.666,35100185.715,5.992,8.254,12.689,4.251,34974170.494,86.708,107.389,38.801,10.994,34937029.273,28.261,125.116,44.048,6.939,34697503.036,120.475,443.329,123.802,12.893,34738119.205,48.298,122.780,66.658,11.816,34817063.243,83.074,59.758,44.605,12.380,35898554.122,148.216,85.156,48.881,17.389,35495445.094,20.767,52.036,23.888,8.629,34565104.568,50.567,64.109,44.996,16.267,36974984.793,3972.656,636.164,825.986,182.706
Omar3-Sleep stage 1-00,35164196.391,8.433,52.856,36.109,4.922,35588376.550,129.893,80.730,89.077,28.071,35255285.683,4.488,4.271,4.574,2.684,35120555.608,6.307,17.110,11.071,7.452,35087217.799,10.201,6.364,16.669,9.048,32344394.596,36.237,135.810,66.215,9.349,35176482.051,11.855,222.829,51.259,4.422,35550083.654,99.423,698.246,150.781,17.628,35492776.924,224.830,261.821,128.278,32.909,35045584.682,223.251,87.670,76.152,33.467,35395678.494,84.786,81.656,55.114,12.554,35749175.732,34.079,55.029,31.662,6.963,36191277.221,154.838,181.330,194.741,31.700,35372055.393,14.339,88.997,63.380,7.470
Omar3-Sleep stage 1-01,34912551.132,28.264,59.962,24.243,6.731,34878071.897,18.956,43.116,14.124,3.869,35176820.557,2.495,4.565,2.872,3.285,35376042.856,11.415,20.563,8.689,4.678,35619504.391,8.811,14.487,13.428,9.130,36122696.814,110.526,144.618,44.117,10.920,35281318.893,26.159,180.184,27.630,6.831,36444029.325,72.259,499.194,74.838,9.431,33107827.498,1230.662,705.136,404.836,138.163,37620645.709,713.762,271.203,178.709,51.589,35226885.773,95.041,50.667,25.504,12.364,35137074.799,46.191,55.728,30.792,11.409,34716340.419,124.828,47.872,32.378,8.571,35355341.839,49.042,72.332,37.594,11.449
Omar3-Sleep stage 1-02,35213602.365,20.073,51.568,15.550,5.886,34923385.957,10.787,28.021,12.952,6.707,35141416.451,2.080,3.951,2.880,2.412,35074266.177,11.420,23.691,8.541,4.356,35024934.424,15.683,23.696,24.397,13.723,35359898.602,123.000,144.038,75.879,15.175,35145682.093,23.456,182.676,23.837,5.128,34342431.722,337.109,689.284,144.110,29.357,37575582.908,3207.678,1334.178,998.575,313.072,33124290.145,2273.225,754.302,623.748,186.378,35301364.113,68.195,53.799,26.829,7.529,34552069.000,41.053,50.399,18.772,6.453,36326840.478,96.345,56.103,27.518,6.622,35116779.040,34.175,71.033,28.127,10.169
Omar3-Sleep stage 1-03,35230951.983,17.746,111.588,27.624,6.461,34980838.460,8.588,42.092,17.582,6.134,35096887.122,0.878,4.090,1.997,1.203,35042019.185,5.037,29.470,11.051,4.201,34920333.228,7.766,16.429,15.511,10.493,35208847.272,95.759,172.203,38.383,11.849,35199301.058,17.477,244.809,25.769,5.299,35380773.768,295.635,371.026,79.356,13.718,34434337.726,3157.637,1249.555,904.869,298.653,35904743.089,2148.127,509.521,462.457,150.830,34984606.752,34.100,29.479,22.435,4.900,35514396.799,35.810,76.947,32.671,7.297,34673729.860,142.961,37.164,31.070,8.158,35037470.394,23.032,139.284,45.398,9.608
Omar3-Sleep stage 1-04,35390210.148,17.786,39.697,24.296,5.028,35430413.489,19.701,32.139,14.830,4.431,35108774.977,2.461,3.617,3.439,1.681,35097930.995,6.904,14.884,10.216,3.244,35298704.120,6.527,7.578,11.647,9.577,36068962.551,53.168,76.059,20.761,9.691,35348307.223,14.072,166.651,25.303,6.130,35328748.514,263.565,277.181,57.710,19.228,34342219.583,2701.186,883.955,950.506,262.082,35938880.861,1741.949,631.947,436.016,148.957,35295817.869,44.967,55.361,20.972,8.048,35310170.051,99.131,77.989,42.255,14.894,34717111.196,38.206,60.399,38.390,16.326,35156567.893,25.739,73.132,36.591,7.860
Omar3-Sleep stage 1-05,35308533.867,23.726,56.647,15.335,5.827,35000390.356,15.269,38.218,12.263,7.172,35268932.773,1.156,3.272,2.760,2.504,35251227.496,5.889,15.407,6.892,4.135,35317887.670,8.766,7.490,15.463,14.549,36141977.823,38.252,99.018,28.905,6.650,35292212.055,17.206,156.061,39.730,4.936,34580912.979,173.379,361.386,81.559,15.945,37863883.893,1300.488,469.782,297.662,92.262,33344643.972,844.492,192.600,219.013,56.034,35177181.643,43.974,36.441,25.691,6.482,34831664.229,116.698,53.771,40.982,12.797,34816268.638,139.682,42.420,20.449,7.445,35212781.865,24.225,65.198,28.507,8.659
Omar3-Sleep stage 1-06,34963218.913,19.283,26.233,20.607,5.145,35136196.203,8.823,16.589,11.622,5.682,35229196.810,1.076,1.500,2.484,2.011,35328312.627,4.303,8.599,6.581,3.596,35292103.869,4.520,6.736,10.034,9.731,34512141.323,156.067,59.357,33.360,9.541,35136863.862,6.680,77.874,20.645,5.623,36383833.727,143.189,333.719,84.486,17.451,30221137.353,1175.245,335.501,290.032,89.490,39208632.727,898.131,272.743,240.672,79.959,35601248.767,36.941,25.211,19.495,5.549,35475520.759,131.365,64.164,54.419,16.493,35202841.039,35.840,11.454,19.180,6.889,35202537.030,19.033,24.928,21.884,6.397
Omar3-Sleep stage 1-07,35298856.831,13.409,25.715,30.573,5.678,35472975.306,7.219,18.237,20.327,8.091,35349171.886,0.951,1.625,1.856,1.976,35313792.032,5.964,8.856,8.510,5.122,35387095.576,4.802,8.431,16.054,10.760,32546903.353,24.805,67.545,57.892,12.312,35011208.909,18.157,100.180,39.211,5.959,34150797.734,58.420,190.678,43.312,11.648,40659920.202,81.167,209.750,45.881,14.550,31410079.518,190.753,88.427,76.413,19.681,34548659.711,64.793,45.521,27.699,11.078,35010358.614,173.860,76.518,75.902,20.905,36144867.258,83.481,70.877,43.835,9.043,35340696.664,11.721,47.388,37.103,8.298
Omar3-Sleep stage 1-08,35149505.667,11.533,45.540,18.602,5.494,35108977.121,8.972,25.807,15.506,8.316,35134406.435,2.160,3.127,3.230,2.495,34875204.155,7.986,12.686,9.220,5.062,34929235.297,8.033,6.056,15.255,9.566,35703625.404,413.051,272.938,137.578,58.574,35110933.913,6.133,174.937,23.557,4.975,36327280.053,89.510,349.895,46.114,8.748,31425550.459,1069.182,476.647,278.306,61.410,38836043.989,620.080,84.259,57.263,23.736,35664401.901,65.791,56.982,18.787,8.062,36157549.977,84.981,47.748,32.035,10.802,36210818.736,214.839,62.421,35.461,8.431,35088164.895,14.758,66.717,25.444,7.693
Omar3-Sleep stage 1-09,34929412.286,24.937,30.054,18.920,4.760,35125379.248,20.732,26.034,12.173,5.938,35188682.581,2.413,2.269,2.875,2.492,35228944.163,10.699,13.114,7.703,4.474,35063173.329,16.932,12.109,14.379,11.854,39142791.857,1224.859,474.683,346.760,123.865,35384664.908,7.281,88.735,16.757,4.664,34293854.378,52.200,142.327,40.769,6.869,36876585.245,486.574,232.490,265.723,82.007,33390394.876,218.021,174.328,79.370,24.250,35241343.653,50.023,18.517,20.705,5.790,34170924.099,44.373,40.950,38.645,11.652,34121568.606,219.746,63.127,73.742,26.279,34889402.485,13.009,32.077,29.076,7.890
Omar3-Sleep stage 1-10,35252705.152,8.395,50.803,26.271,4.836,35249884.469,11.171,23.179,17.599,8.288,35239513.775,0.511,1.888,2.992,2.437,35227211.846,2.161,13.129,12.490,5.785,35198310.072,4.812,5.478,10.215,10.234,31767999.795,61.204,129.414,25.804,11.646,34933072.150,12.151,113.382,25.800,3.490,35683906.933,58.752,147.811,39.163,5.457,32990515.346,720.999,247.229,120.843,19.712,36944106.466,366.873,63.784,39.958,11.894,35181698.016,50.015,41.506,28.799,7.184,35525586.752,28.089,57.632,30.422,5.649,36336841.878,438.157,174.049,80.224,25.300,35230460.995,14.123,72.571,35.798,5.407
Omar3-Sleep stage 1-11,35338497.476,16.221,42.084,23.758,3.656,35202710.240,10.556,30.748,21.098,5.304,35211992.409,1.885,2.519,2.990,1.966,35227500.724,5.469,17.167,12.166,2.368,35477432.318,7.847,7.848,9.910,4.928,34139819.130,201.224,162.211,76.746,20.876,35238855.331,17.034,104.010,27.439,4.292,34574416.387,22.765,147.540,50.870,4.752,38490091.919,106.107,115.953,52.554,5.508,32922521.082,39.366,52.864,28.152,5.042,34857167.951,53.028,53.215,21.737,5.143,35212811.071,81.069,87.765,58.867,13.211,33355164.062,58.101,75.542,22.124,4.768,35408465.282,7.596,85.693,32.798,6.622
Omar3-Sleep stage 1-12,35215632.256,21.332,19.593,21.914,7.256,35219871.285,5.400,8.949,11.781,7.982,35198220.125,1.404,1.106,2.774,2.156,35177266.778,4.524,6.546,9.485,4.657,35207686.599,3.649,2.182,14.337,9.722,36459614.922,75.594,42.764,22.482,14.049,35416558.996,12.567,31.251,14.394,4.931,35433637.961,206.097,90.796,89.278,18.737,35253375.932,3775.913,773.063,605.697,208.922,35556715.698,2250.236,411.373,438.740,147.524,35408864.139,112.353,46.639,20.448,7.549,36310371.044,85.458,18.441,17.711,5.997,35257684.008,656.387,142.695,142.280,35.966,35301517.023,26.518,24.243,25.479,6.844
Omar3-Sleep stage 1-13,35137468.085,19.143,17.312,23.705,5.384,35168336.975,14.559,8.778,14.607,7.615,35188156.955,1.853,0.848,2.433,1.896,35263720.076,9.936,5.620,10.610,4.168,34999082.325,7.232,5.006,10.476,9.310,35956461.371,20.480,43.718,30.027,8.757,34989771.828,9.042,15.316,22.418,3.147,35790550.971,245.520,116.471,85.818,27.680,31500219.134,2031.766,727.953,622.209,178.666,37810698.846,1691.978,618.630,530.060,166.119,35243107.445,49.094,44.808,31.006,10.288,34635093.684,84.709,79.960,44.364,14.365,35678365.975,295.283,132.121,104.990,30.606,35180779.457,24.757,43.724,29.687,9.161
Omar3-Sleep stage 1-14,35076242.373,18.945,40.482,17.276,7.279,35107851.251,16.871,32.015,15.417,9.807,35096057.957,1.845,3.404,2.580,3.053,35004955.253,6.629,17.526,6.199,4.283,35088654.510,14.038,17.438,10.675,12.585,36065781.141,157.780,107.409,26.258,12.081,35187724.794,8.674,135.925,29.959,4.723,34730329.620,24.646,182.260,49.953,11.533,36712677.130,338.304,146.193,137.860,36.973,33960994.878,122.225,42.299,32.317,20.855,35180019.321,72.972,61.310,18.481,10.723,35323103.657,53.294,56.301,35.416,13.880,34940459.543,103.325,101.402,32.693,13.482,35109747.643,16.531,60.080,20.554,13.037
Omar3-Sleep stage 1-15,35119848.375,30.779,84.553,29.161,5.335,35176199.269,13.078,44.427,19.227,4.231,35155863.151,2.584,5.482,2.729,2.097,35089314.486,5.220,24.412,11.013,3.975,35198725.613,8.553,5.650,10.486,8.000,35889073.215,44.093,69.749,22.889,12.414,35165745.101,10.991,90.124,20.136,6.421,35972622.829,122.361,139.238,73.403,10.499,33148850.961,2082.986,650.390,525.290,127.375,37196379.148,1179.141,302.956,216.951,63.090,34853089.716,59.010,37.704,26.817,7.590,34489309.954,129.552,94.422,71.967,14.508,35589830.710,38.505,52.003,25.145,7.746,35075924.188,29.884,114.091,41.655,7.888
Omar3-Sleep stage 1-16,35271682.266,26.653,19.749,18.734,5.980,35261999.778,15.186,13.394,15.072,4.983,35146121.931,2.702,1.677,3.247,2.021,35262750.131,7.336,8.392,8.987,4.845,35226652.872,8.574,6.875,11.102,7.551,34310863.691,185.975,109.749,98.074,36.687,35165577.493,11.964,19.326,12.260,4.327,34868058.865,55.146,107.690,36.335,8.770,36026638.831,206.468,126.696,134.123,44.050,34612364.995,194.789,207.392,93.044,30.406,35606384.920,125.663,35.518,24.432,7.197,35410892.711,45.024,60.618,30.348,11.730,35496044.229,106.275,88.709,48.220,11.017,35176683.261,21.692,29.814,26.352,8.995
Omar3-Sleep stage 1-17,35390939.020,49.505,55.972,32.904,6.766,35319094.034,25.493,42.499,26.894,6.970,35222551.362,1.988,4.137,2.960,2.788,35226602.489,11.509,22.688,14.098,7.676,35282221.550,11.165,5.966,9.851,9.577,34033610.974,266.174,154.177,125.876,27.977,35282865.826,14.444,175.560,107.719,7.062,34478923.779,60.778,282.950,176.076,9.759,38252445.373,167.304,208.835,115.333,20.091,33032108.851,50.878,58.100,49.421,14.620,35488048.725,180.793,50.774,34.400,14.067,36086168.287,43.886,45.712,26.474,5.775,34263164.162,118.651,58.979,28.766,12.905,35428380.618,54.370,72.311,37.266,5.970
Omar3-Sleep stage 1-18,35021584.584,24.505,105.477,20.612,7.045,35175517.893,10.177,51.892,12.398,8.549,35252384.542,3.183,3.766,2.836,2.621,35289942.284,9.812,22.049,8.370,7.977,35236691.627,6.101,12.988,10.079,9.158,35995397.116,82.464,100.487,32.012,12.772,35153988.647,22.514,106.433,23.861,9.140,34759571.371,15.384,258.055,49.327,15.235,37063309.584,78.870,57.639,45.551,15.318,33730490.423,30.455,60.510,22.972,12.370,34929819.142,31.513,101.386,28.723,15.630,33714132.106,24.262,104.074,19.952,12.496,35277513.738,134.178,122.142,29.334,12.609,35090280.336,22.682,186.268,35.605,13.109
Omar3-Sleep stage 1-19,35119924.543,35.508,64.768,35.576,7.457,35132304.228,18.845,30.930,17.352,5.307,35213350.771,3.308,2.210,3.750,2.501,35130203.692,11.656,16.480,15.499,8.785,34971478.847,10.257,4.594,13.032,14.990,34093539.416,55.141,92.108,32.833,21.520,35034888.502,20.068,156.721,22.536,7.205,35050424.170,29.427,222.660,43.392,14.813,35391309.967,293.450,109.581,48.332,19.261,35089932.936,196.323,117.270,51.571,25.804,35137291.390,184.974,103.531,28.375,23.319,34997280.875,39.103,85.777,29.821,11.452,36421510.715,118.275,118.343,40.377,27.753,34896016.690,34.302,166.879,47.310,15.881
Omar3-Sleep stage 1-20,35246159.030,14.500,64.212,15.186,5.225,35102554.181,8.900,40.088,12.964,5.603,35140288.507,1.004,5.178,3.660,3.374,35065592.546,5.998,19.622,13.474,11.942,35070182.727,3.875,9.498,14.037,11.204,35614069.690,34.431,93.709,25.730,13.369,35228304.761,21.443,123.724,33.897,6.792,35651782.851,71.863,144.267,53.472,15.315,33498415.157,466.381,147.951,75.738,22.539,36506737.366,342.723,113.907,38.614,14.401,34676196.704,119.282,35.799,31.387,15.436,35647803.405,86.091,104.409,33.631,12.454,34278177.854,26.881,40.803,40.271,25.341,35303456.908,26.582,67.542,26.082,14.885
Omar3-Sleep stage 1-21,35003621.332,29.495,51.548,16.703,5.325,35170992.917,14.378,35.981,14.141,6.371,35175917.325,2.162,2.778,2.126,2.648,35215261.949,12.183,20.008,8.971,3.543,35336672.121,11.600,10.257,15.716,10.434,36851212.723,38.222,80.032,33.127,10.562,35439386.697,15.163,90.843,28.322,5.580,36216889.474,103.893,211.821,77.455,8.264,31297959.328,1037.716,204.760,122.891,20.121,38629721.984,730.230,135.927,67.458,20.867,35094869.226,44.097,29.041,25.946,10.479,35718211.984,92.448,65.460,43.208,17.314,34298722.245,38.213,43.991,22.815,9.880,35263964.770,24.007,75.390,24.353,8.433
Omar3-Sleep stage 1-22,35220692.760,20.254,71.355,18.831,5.717,35436863.302,11.407,41.654,13.377,5.954,35237724.673,1.836,3.740,3.253,2.459,35238269.317,10.432,20.060,9.828,5.158,35265373.130,16.830,11.347,14.706,8.610,34898137.373,36.741,77.478,23.661,10.144,35035675.738,16.612,105.254,16.356,6.243,34589722.823,96.131,217.676,45.973,15.627,36908735.009,280.049,264.153,164.532,43.961,33593022.777,399.902,237.306,113.995,49.887,35203932.126,63.098,36.695,18.888,5.257,34503352.335,20.556,52.401,23.436,7.288,35930596.888,82.510,71.697,29.730,8.012,35287493.052,26.211,77.874,32.827,7.051
Omar3-Sleep stage 1-23,35200716.338,18.505,59.634,34.366,7.234,35044893.703,10.900,35.292,19.421,6.900,35183223.858,1.016,3.640,4.074,2.678,35155580.001,6.050,15.478,13.488,6.772,35006610.791,8.551,9.880,11.931,7.855,34138175.815,39.287,57.201,16.021,10.206,35173681.458,11.993,38.716,19.493,6.672,34899008.681,47.788,59.936,55.078,6.221,36883163.829,135.138,66.305,32.676,5.374,34044736.587,137.706,49.171,42.827,11.828,35562582.066,75.220,48.437,31.615,7.966,35677020.249,68.367,54.581,49.098,13.860,35301104.142,230.791,103.530,40.176,14.028,35172580.440,20.510,70.064,34.443,8.212
Omar3-Sleep stage 1-24,35318491.368,29.363,31.109,23.019,8.154,35188922.805,9.924,21.685,16.176,10.572,35249069.409,1.110,1.764,2.337,2.451,35298568.597,7.221,12.777,11.811,9.559,35442382.203,5.356,9.938,12.808,6.972,34876717.481,33.156,71.360,24.044,8.954,35282979.614,21.406,154.070,27.545,5.928,35210686.224,26.315,211.136,57.965,9.382,35745976.544,108.171,87.877,42.589,10.129,34796239.531,60.604,29.038,24.109,12.974,35157344.275,30.233,25.077,35.898,12.906,34315021.400,65.628,44.180,42.853,15.704,35287745.225,154.472,33.694,65.524,17.711,35161611.033,20.240,36.387,41.046,12.295
Omar3-Sleep stage 1-25,35241713.944,19.151,60.657,27.629,7.596,35202869.087,15.081,35.641,22.973,7.304,35198149.967,3.074,4.862,3.004,2.245,35078336.450,11.891,20.489,13.389,6.810,35154671.923,8.233,11.082,14.712,9.040,37321637.251,38.740,85.124,48.405,10.196,35389794.288,22.549,129.241,47.068,6.623,35188568.530,39.073,169.676,49.546,11.126,35247748.984,262.419,136.437,38.869,16.256,35416282.574,204.991,43.753,42.182,13.556,35317523.228,44.356,40.040,24.711,8.400,36064456.968,17.712,53.975,33.532,10.123,34657736.375,72.545,44.060,33.854,10.127,35038554.446,26.096,89.556,47.293,16.616
Omar3-Sleep stage 1-26,35228745.482,31.221,60.651,28.668,4.849,35493351.373,11.723,34.822,13.252,5.904,35346050.813,1.056,2.802,2.774,2.190,35458181.380,10.458,18.770,13.488,3.898,35472713.865,8.536,15.926,13.054,5.572,32963575.227,204.892,243.293,56.032,26.107,35121481.903,29.107,287.564,43.082,4.191,35004232.079,83.861,366.569,65.255,8.824,36855693.267,174.355,218.366,64.236,9.729,34167110.572,148.440,122.804,33.633,16.825,35324895.351,82.168,70.255,29.678,9.437,35107928.211,106.637,76.590,46.294,7.933,35296634.984,70.180,63.420,34.583,7.841,35409381.122,42.498,71.555,44.770,10.119
Omar3-Sleep stage 1-27,35161119.571,42.745,79.232,27.202,7.017,35179425.635,19.060,32.993,16.540,6.826,35202527.622,2.448,4.834,2.301,3.218,35064322.779,9.486,20.813,10.745,5.288,35215865.605,13.301,10.484,11.120,6.182,34932462.853,228.816,181.907,70.817,23.025,35091540.963,17.804,132.715,13.416,5.809,35296383.878,87.319,351.473,94.998,13.117,35243528.670,782.275,351.854,162.423,49.722,35332894.920,435.487,249.901,190.643,46.270,35396782.749,146.604,128.207,27.646,5.425,35420830.270,76.613,133.562,25.233,8.918,36404841.870,146.561,147.412,32.643,8.949,35238681.573,47.954,192.232,41.934,9.210
Omar3-Sleep stage 1-28,35196506.513,12.552,58.488,35.955,4.825,35049984.739,9.951,41.700,32.424,5.548,35189860.704,2.129,3.863,3.408,2.329,35142332.611,5.993,18.484,10.541,5.324,34894043.636,7.093,8.791,17.326,7.895,38147462.768,59.950,83.490,23.773,9.603,35265563.635,16.762,118.243,19.294,3.687,35955854.581,58.459,314.772,104.342,11.335,31341290.195,492.413,189.442,71.189,14.364,38077413.621,358.420,62.378,69.520,15.368,34965081.259,23.722,48.710,30.893,9.152,35146654.098,57.921,60.336,41.543,13.323,34421568.174,57.799,72.239,37.752,13.006,35274930.344,33.496,85.087,46.269,7.986
Omar3-Sleep stage 1-29,35061550.693,29.159,68.018,29.242,6.413,35172038.570,8.769,39.335,22.976,8.423,35174745.021,1.232,3.062,4.143,2.567,35264861.839,8.103,22.925,11.323,4.601,35108742.850,6.230,6.863,16.442,9.074,33444527.375,48.226,94.455,31.418,9.982,35031993.434,13.372,161.046,24.800,5.469,35120977.569,41.061,329.128,80.552,9.714,34149378.909,360.188,219.060,139.561,36.456,35802152.660,139.686,108.229,59.690,23.001,34940837.442,81.283,71.724,43.125,10.355,34921044.274,140.499,123.238,93.081,23.834,35587612.350,90.064,107.795,49.293,16.102,34834640.850,33.203,123.188,44.311,10.998
Omar3-Sleep stage 1-30,35119581.306,25.401,58.983,22.467,4.698,35227393.756,21.907,42.795,14.168,5.944,35194844.155,2.288,4.918,2.881,2.001,34825494.006,10.880,16.083,8.346,4.477,35149029.586,5.559,6.458,8.503,7.908,35448619.016,53.862,69.185,29.245,12.477,35372805.775,12.368,128.367,24.971,4.957,35102550.317,172.916,322.704,102.858,17.755,35590064.466,1921.864,754.839,735.018,202.579,35160974.019,1166.096,483.932,368.611,105.986,35736465.377,118.822,42.445,19.364,4.269,36182458.726,31.039,50.429,24.323,9.280,35445395.996,278.187,154.133,48.958,15.930,35158461.686,30.689,70.101,33.048,7.430
Omar3-Sleep stage 1-31,35343441.536,23.908,61.108,19.328,5.753,35301091.744,21.480,34.703,18.042,6.329,35166561.229,3.051,3.642,3.196,2.307,35183395.804,5.590,25.865,16.379,5.536,35576101.439,6.177,8.134,13.733,5.706,33437561.673,24.564,101.072,24.117,9.332,35074419.069,14.285,115.229,19.724,3.933,35326508.428,116.250,450.321,101.098,14.202,35130378.301,1560.349,699.248,531.778,187.215,35436674.134,1211.545,444.045,327.730,102.674,35577502.660,181.465,71.573,30.015,14.757,35452599.967,116.074,82.727,40.472,11.952,35745118.745,717.537,263.874,214.577,74.191,35389366.089,31.737,88.868,33.623,8.090
Omar3-Sleep stage 1-32,35052282.770,31.608,50.275,17.696,6.308,35133137.931,18.426,32.497,16.750,7.142,35107271.956,1.667,3.652,3.224,2.786,35374753.688,8.377,20.630,8.216,3.934,35151642.450,5.005,4.365,12.906,6.574,36414389.427,44.529,101.674,50.678,13.955,35233947.047,13.927,117.429,26.563,4.069,34602311.786,38.583,274.044,50.240,8.637,38838221.476,188.108,78.109,77.544,12.454,32638976.838,163.457,118.250,50.197,15.664,34688959.215,66.230,37.853,31.596,9.515,34450544.596,89.620,66.318,30.826,10.080,34300016.618,422.066,91.702,69.590,19.254,35231402.160,44.697,84.569,29.495,6.036
Omar3-Sleep stage 1-33,35221935.663,14.889,57.028,19.417,5.220,35178422.140,12.542,33.731,10.608,5.826,35195323.324,2.043,3.720,3.115,3.046,35175592.734,7.516,18.392,9.629,3.678,35008151.609,7.096,4.825,13.719,7.297,35380926.216,26.865,77.370,23.019,6.014,35210207.937,26.018,156.920,23.451,3.631,34931089.907,78.877,230.386,53.097,6.256,36699861.645,101.176,182.589,50.578,12.015,34019394.735,51.552,83.089,31.142,8.624,34794368.953,106.374,104.538,41.584,12.157,34165974.320,16.185,60.575,22.825,5.084,34882351.842,30.346,95.005,30.465,8.810,35183018.995,14.826,86.705,31.316,7.654
Omar3-Sleep stage 1-34,35076313.981,27.124,20.332,18.667,8.396,35046560.897,9.799,10.896,16.041,7.699,35182773.275,2.502,1.501,3.342,2.633,35184241.027,9.955,4.897,9.012,4.067,34972797.723,7.328,4.761,11.339,7.627,37256145.137,73.221,72.228,20.516,10.647,35223721.114,17.232,62.601,32.461,3.806,34840163.698,74.045,109.248,64.693,9.781,35508572.859,151.539,131.388,50.797,15.257,34718633.464,149.367,70.938,85.718,31.342,35643316.323,190.440,39.947,40.230,16.491,35747870.247,48.985,24.206,23.969,10.951,35400604.887,270.909,34.315,39.423,10.802,34885809.491,27.209,15.690,38.906,11.963
Omar3-Sleep stage 1-35,35235162.620,9.599,28.973,23.726,5.237,35185279.451,8.378,21.398,14.644,7.526,35215996.345,1.396,1.662,3.265,2.924,35292116.018,12.026,10.863,12.259,4.506,35350317.455,6.983,5.078,10.836,6.190,34850441.538,214.816,94.809,44.775,16.916,35234866.315,22.577,64.906,26.213,4.062,35277925.005,37.296,152.276,32.275,7.705,34952491.984,113.290,77.076,29.508,8.632,35472297.351,114.046,53.213,41.191,10.260,35013538.225,65.312,56.644,28.176,6.883,34719894.525,21.773,22.423,23.361,8.489,35508258.391,55.150,23.019,29.763,6.427,35259365.649,22.031,36.217,39.031,6.620
Omar3-Sleep stage 1-36,35197000.450,13.892,45.097,22.182,4.728,35196564.341,4.320,21.924,13.857,6.239,35191200.992,1.152,2.288,2.938,2.675,35180337.625,9.768,14.265,10.640,3.330,35073158.875,4.162,5.713,7.817,5.666,33928298.093,23.009,60.756,24.497,6.864,35170741.695,8.521,92.566,29.114,4.695,35267814.115,24.960,110.491,35.407,6.204,34647471.120,87.723,75.546,68.258,16.143,35697036.512,62.035,61.761,29.460,10.346,34990828.625,33.592,65.683,22.724,4.970,35228058.939,15.649,56.810,22.710,8.617,35218785.761,150.760,80.724,42.978,10.305,35132794.482,16.141,78.919,33.913,7.273
Omar3-Sleep stage 1-37,35438043.979,24.392,90.148,26.571,4.091,35352561.656,10.283,22.787,18.257,6.221,35290041.112,2.817,4.087,3.501,1.950,35475781.015,14.309,18.822,17.007,6.467,35165822.234,6.573,10.887,9.288,6.886,35285537.280,65.379,113.242,55.785,16.162,35228025.641,17.105,126.015,58.732,5.053,35207112.366,39.572,276.888,92.255,8.955,35082636.265,76.300,139.677,97.254,18.270,35215976.256,16.393,75.044,23.643,9.139,35001096.248,34.864,78.912,26.398,7.602,35891631.763,52.364,93.613,36.248,11.132,35252894.961,262.006,139.284,74.394,22.930,35202681.159,26.250,95.671,31.946,8.867
Omar3-Sleep stage 1-38,34927840.978,14.572,37.189,31.188,8.421,35141232.496,8.664,30.585,21.009,5.911,35137734.082,2.459,3.207,3.561,3.007,35213869.923,10.530,21.931,17.420,8.902,35490830.859,3.088,6.955,13.061,6.836,35583873.806,19.943,86.288,48.249,8.494,35239041.319,17.775,138.571,73.449,5.707,36052724.185,53.048,303.065,141.332,9.411,31525023.313,273.547,125.180,93.880,35.861,38413597.206,135.775,63.086,53.605,22.389,35581698.498,54.489,54.495,27.293,6.083,36034033.357,20.722,57.930,29.906,7.581,34573399.499,110.940,58.784,26.695,8.767,35144507.163,20.241,57.785,43.105,7.459
Omar3-Sleep stage 1-39,35251686.765,24.434,35.453,27.578,5.484,35241872.035,14.574,36.045,22.229,4.428,35241893.844,2.092,1.950,2.403,2.038,35219745.362,7.021,16.222,12.091,3.292,35370697.710,7.997,6.504,13.022,7.155,33579538.960,58.557,106.484,81.263,17.882,35173812.073,15.840,137.606,52.634,5.177,35068594.238,93.142,310.229,127.974,14.313,36947154.593,226.736,207.450,100.091,13.096,34193230.284,281.356,107.109,65.812,19.909,35645082.090,71.905,31.327,31.580,11.068,34558283.808,123.371,47.020,57.917,16.346,35276966.963,68.249,57.281,50.335,13.794,35656175.605,27.833,49.968,47.471,10.309
Omar3-Sleep stage 1-40,35087498.917,25.123,42.814,28.011,5.301,35155639.390,8.442,23.980,19.997,7.037,35172943.522,2.172,3.541,4.259,2.340,35138614.819,6.171,17.915,10.019,4.768,35175055.829,4.160,8.082,7.586,8.385,34446571.225,98.483,74.875,73.432,18.811,35085262.717,17.371,63.733,26.989,3.712,36022674.372,84.159,276.190,53.056,6.690,33804571.221,376.347,257.814,68.107,8.126,36515928.754,255.139,110.882,41.221,9.788,35017713.262,131.240,90.264,29.906,11.970,35070155.338,136.394,75.023,47.250,17.559,35317188.995,128.522,67.191,34.321,10.753,35347583.527,37.295,58.665,36.671,6.920
Omar3-Sleep stage 1-41,35212746.816,18.844,40.417,37.454,10.040,35318778.910,12.394,17.264,16.479,8.156,35191435.457,1.367,2.024,3.470,2.937,35159266.851,4.355,10.482,11.455,6.068,35022110.839,5.919,4.093,11.989,7.485,36391027.866,31.447,77.725,23.146,11.564,35168542.681,14.238,82.663,19.066,5.345,34637216.316,49.144,215.910,90.039,7.453,36496607.326,374.055,251.790,89.235,41.506,33892208.117,189.016,117.476,94.215,19.550,34931212.340,59.846,50.966,33.150,8.720,34718781.057,96.225,64.069,47.701,16.257,36217686.764,210.827,72.970,41.875,17.082,34911554.112,30.830,73.876,42.065,9.032
Omar3-Sleep stage 1-42,35325031.493,25.273,26.570,20.168,5.939,35081147.171,19.212,16.377,13.420,6.369,35260810.487,1.810,2.336,2.123,1.964,35119617.614,8.053,10.770,8.997,3.567,34958945.591,7.278,6.302,9.368,4.668,34621786.650,9.465,44.790,21.051,8.073,35073074.592,5.819,51.619,19.928,4.690,34575957.958,21.249,106.682,31.029,5.028,36650702.117,72.036,80.234,46.375,8.625,33920327.988,61.517,33.341,18.076,7.854,35471747.998,64.239,42.101,16.381,5.743,36078753.722,30.046,44.720,13.644,8.634,34620282.572,303.130,143.094,61.841,24.387,34891058.938,23.106,45.240,28.153,7.464
Omar3-Sleep stage 1-43,35140382.951,11.247,65.377,32.153,4.559,35284685.512,11.704,28.471,18.784,4.382,35192994.479,1.706,3.443,3.482,2.055,35420102.319,9.341,14.235,11.754,4.104,35533949.387,6.784,7.958,9.234,4.828,35736046.041,44.849,32.673,20.086,8.642,35271371.845,11.448,41.494,18.541,4.790,34886257.252,41.911,229.414,57.915,12.276,36695542.231,44.912,135.834,48.277,9.488,34133179.837,33.231,56.866,27.936,12.390,35110315.380,68.872,44.916,26.140,7.988,34236630.482,44.165,43.946,31.020,6.506,35298597.403,237.660,132.239,86.916,28.817,35345919.572,41.050,65.759,46.136,8.674
Omar3-Sleep stage 1-44,35203588.891,18.943,49.956,30.644,5.483,35175670.987,10.548,37.593,18.022,5.524,35125029.539,2.456,3.341,2.391,2.808,35048744.716,7.441,16.246,12.295,4.053,35085638.737,10.895,8.756,12.975,6.743,37090623.273,89.919,75.892,52.588,13.498,35276270.013,9.146,54.034,33.449,6.036,35446246.440,55.929,293.171,148.723,8.233,35167493.640,92.876,140.761,94.276,22.623,35470750.608,95.986,56.373,44.610,13.157,34996973.625,83.324,26.465,34.952,12.195,35324317.896,77.807,59.470,40.018,9.289,35398585.259,164.953,89.230,69.286,24.068,35198080.022,18.805,59.844,61.810,8.216
